source_transaction,target_transaction,is_match
P-1,S-1,true
S-1,L-1,true
P-2,S-2,true
S-2,L-2,true
P-3,S-3,true
S-3,L-3,true
P-4,S-4,true
S-4,L-4,true
P-5,S-5,true
S-5,L-5,true
P-6,S-6,true
S-6,L-6,true
P-7,S-7,true
S-7,L-7,true
P-8,S-8,true
S-8,L-8,true
P-9,S-9,true
S-9,L-9,true
P-10,S-10,true
S-10,L-10,true
P-11,S-11,true
S-11,L-11,true
P-12,S-12,true
S-12,L-12,true
P-13,S-13,true
S-13,L-13,true
P-14,S-14,true
S-14,L-14,true
P-15,S-15,true
S-15,L-15,true
P-16,S-16,true
S-16,L-16,true
P-17,S-17,true
S-17,L-17,true
P-18,S-18,true
S-18,L-18,true
P-19,S-19,true
S-19,L-19,true
P-20,S-20,true
S-20,L-20,true
P-21,S-21,true
S-21,L-21,true
P-22,S-22,true
S-22,L-22,true
P-23,S-23,true
S-23,L-23,true
P-24,S-24,true
S-24,L-24,true
P-25,S-25,true
S-25,L-25,true
P-26,S-26,true
S-26,L-26,true
P-27,S-27,true
S-27,L-27,true
P-28,S-28,true
S-28,L-28,true
P-29,S-29,true
S-29,L-29,true
P-30,S-30,true
S-30,L-30,true
P-31,S-31,true
S-31,L-31,true
P-32,S-32,true
S-32,L-32,true
P-33,S-33,true
S-33,L-33,true
P-34,S-34,true
S-34,L-34,true
P-35,S-35,true
S-35,L-35,true
P-36,S-36,true
S-36,L-36,true
P-37,S-37,true
S-37,L-37,true
P-38,S-38,true
S-38,L-38,true
P-39,S-39,true
S-39,L-39,true
P-40,S-40,true
S-40,L-40,true
P-41,S-41,true
S-41,L-41,true
P-42,S-42,true
S-42,L-42,true
P-43,S-43,true
S-43,L-43,true
P-44,S-44,true
S-44,L-44,true
P-45,S-45,true
S-45,L-45,true
P-46,S-46,true
S-46,L-46,true
P-47,S-47,true
S-47,L-47,true
P-48,S-48,true
S-48,L-48,true
P-49,S-49,true
S-49,L-49,true
P-50,S-50,true
S-50,L-50,true
P-51,S-51,true
S-51,L-51,true
P-52,S-52,true
S-52,L-52,true
P-53,S-53,true
S-53,L-53,true
P-54,S-54,true
S-54,L-54,true
P-55,S-55,true
S-55,L-55,true
P-56,S-56,true
S-56,L-56,true
P-57,S-57,true
S-57,L-57,true
P-58,S-58,true
S-58,L-58,true
P-59,S-59,true
S-59,L-59,true
P-60,S-60,true
S-60,L-60,true
P-61,S-61,true
S-61,L-61,true
P-62,S-62,true
S-62,L-62,true
P-63,S-63,true
S-63,L-63,true
P-64,S-64,true
S-64,L-64,true
P-65,S-65,true
S-65,L-65,true
P-66,S-66,true
S-66,L-66,true
P-67,S-67,true
S-67,L-67,true
P-68,S-68,true
S-68,L-68,true
P-69,S-69,true
S-69,L-69,true
P-70,S-70,true
S-70,L-70,true
P-71,S-71,true
S-71,L-71,true
P-72,S-72,true
S-72,L-72,true
P-73,S-73,true
S-73,L-73,true
P-74,S-74,true
S-74,L-74,true
P-75,S-75,true
S-75,L-75,true
P-76,S-76,true
S-76,L-76,true
P-77,S-77,true
S-77,L-77,true
P-78,S-78,true
S-78,L-78,true
P-79,S-79,true
S-79,L-79,true
P-80,S-80,true
S-80,L-80,true
P-81,S-81,true
S-81,L-81,true
P-82,S-82,true
S-82,L-82,true
P-83,S-83,true
S-83,L-83,true
P-84,S-84,true
S-84,L-84,true
P-85,S-85,true
S-85,L-85,true
P-86,S-86,true
S-86,L-86,true
P-87,S-87,true
S-87,L-87,true
P-88,S-88,true
S-88,L-88,true
P-89,S-89,true
P-90,S-90,true
P-91,S-91,true
P-92,S-92,true
P-93,S-93,true
P-94,S-94,true
P-95,S-95,true
P-96,S-96,true
P-97,S-97,true
P-98,S-98-1,true
P-99,S-99-1,true
P-100,S-100-1,true